{
  "version": 1,
  "author": "Dilmi Madumalka",
  "editor": "wokwi",
  "parts": [
    { "type": "board-esp32-devkit-c-v4", "id": "esp", "top": -9.6, "left": -23.96, "attrs": {} },
    { "type": "wokwi-dht22", "id": "dht1", "top": -38.1, "left": 148.2, "attrs": {} },
    {
      "type": "wokwi-lcd1602",
      "id": "lcd1",
      "top": 92.8,
      "left": 207.2,
      "attrs": { "pins": "i2c" }
    },
    { "type": "wokwi-led", "id": "led1", "top": 15.6, "left": -121, "attrs": { "color": "red" } },
    { "type": "wokwi-led", "id": "led2", "top": 6, "left": -92.2, "attrs": { "color": "blue" } },
    {
      "type": "wokwi-buzzer",
      "id": "bz1",
      "top": -93.6,
      "left": -84.6,
      "attrs": { "volume": "0.1" }
    }
  ],
  "connections": [
    [ "esp:TX", "$serialMonitor:RX", "", [] ],
    [ "esp:RX", "$serialMonitor:TX", "", [] ],
    [ "dht1:VCC", "esp:5V", "red", [ "v144", "h-211.2", "v-28.8" ] ],
    [ "dht1:GND", "esp:GND.1", "black", [ "v153.6", "h-249.6", "v-86.4" ] ],
    [ "dht1:SDA", "esp:19", "green", [ "v0" ] ],
    [ "lcd1:VCC", "esp:5V", "red", [ "h-48", "v86.5", "h-211.2", "v-28.8" ] ],
    [ "lcd1:GND", "esp:GND.1", "black", [ "h-19.2", "v105.6", "h-249.6", "v-86.4" ] ],
    [ "lcd1:SDA", "esp:21", "cyan", [ "h-76.8", "v-9.4" ] ],
    [ "lcd1:SCL", "esp:22", "yellow", [ "h-86.4", "v-114.9" ] ],
    [ "led1:C", "esp:GND.1", "black", [ "v0" ] ],
    [ "led1:A", "esp:12", "violet", [ "v0" ] ],
    [ "led2:C", "esp:GND.1", "black", [ "v0" ] ],
    [ "led2:A", "esp:14", "gold", [ "v0" ] ],
    [ "bz1:1", "esp:GND.1", "black", [ "v153.6" ] ],
    [ "bz1:2", "esp:27", "blue", [ "v0" ] ]
  ],
  "dependencies": {}
}